size,type,algorithm,time_ms,comparisons
100,random,quick_sort,0.03823,702.5
100,random,merge_sort,0.12235,609
100,random,string_quicksort,0.10862,606.7
100,random,string_mergesort,0.07912,609
100,random,msd_radix_sort,0.06696,174
100,random,msd_radix_sort_switch,0.02857,158.7
100,reverse,quick_sort,0.04076,1152.4
100,reverse,merge_sort,0.11674,611
100,reverse,string_quicksort,0.09895,653.3
100,reverse,string_mergesort,0.07244,611
100,reverse,msd_radix_sort,0.06932,242
100,reverse,msd_radix_sort_switch,0.09928,569.7
100,almost,quick_sort,0.04072,1139.4
100,almost,merge_sort,0.11266,773
100,almost,string_quicksort,0.12583,626.7
100,almost,string_mergesort,0.08422,773
100,almost,msd_radix_sort,0.07107,236
100,almost,msd_radix_sort_switch,0.09258,528.8
100,prefix,quick_sort,0.16382,29250.3
100,prefix,merge_sort,0.27429,27403
100,prefix,string_quicksort,0.14901,5498.1
100,prefix,string_mergesort,0.17793,27503
100,prefix,msd_radix_sort,0.52695,5148
100,prefix,msd_radix_sort_switch,0.46931,5133.2
200,random,quick_sort,0.08785,1719.9
200,random,merge_sort,0.26934,1486
200,random,string_quicksort,0.23479,1371.1
200,random,string_mergesort,0.17298,1486
200,random,msd_radix_sort,0.1668,395
200,random,msd_radix_sort_switch,0.08467,411.7
200,reverse,quick_sort,0.09485,2530.4
200,reverse,merge_sort,0.32598,1323
200,reverse,string_quicksort,0.20559,1360.5
200,reverse,string_mergesort,0.15707,1323
200,reverse,msd_radix_sort,0.13489,488
200,reverse,msd_radix_sort_switch,0.20178,1128
200,almost,quick_sort,0.08896,2534.3
200,almost,merge_sort,0.2651,1732
200,almost,string_quicksort,0.21844,1428.5
200,almost,string_mergesort,0.16877,1732
200,almost,msd_radix_sort,0.12842,482
200,almost,msd_radix_sort_switch,0.18869,1111.9
200,prefix,quick_sort,0.38699,64753.9
200,prefix,merge_sort,0.55614,65599
200,prefix,string_quicksort,0.2907,11109.3
200,prefix,string_mergesort,0.45318,65949
200,prefix,msd_radix_sort,0.89165,10338
200,prefix,msd_radix_sort_switch,1.05327,10323
300,random,quick_sort,0.14474,2981.3
300,random,merge_sort,0.47577,2511
300,random,string_quicksort,0.45865,2367
300,random,string_mergesort,0.29815,2511
300,random,msd_radix_sort,0.19224,608
300,random,msd_radix_sort_switch,0.13988,726.9
300,reverse,quick_sort,0.15918,4110.9
300,reverse,merge_sort,0.44886,2089
300,reverse,string_quicksort,0.3609,2319.8
300,reverse,string_mergesort,0.25131,2089
300,reverse,msd_radix_sort,0.18718,712
300,reverse,msd_radix_sort_switch,0.3095,1654.1
300,almost,quick_sort,0.14821,4010.9
300,almost,merge_sort,0.42615,2721
300,almost,string_quicksort,0.35093,2315.4
300,almost,string_mergesort,0.26532,2721
300,almost,msd_radix_sort,0.20584,719
300,almost,msd_radix_sort_switch,0.28014,1645
300,prefix,quick_sort,0.62697,112334
300,prefix,merge_sort,0.93796,106919
300,prefix,string_quicksort,0.44448,16874.6
300,prefix,string_mergesort,0.76568,107219
300,prefix,msd_radix_sort,1.38163,15527
300,prefix,msd_radix_sort_switch,1.3917,15589.2
400,random,quick_sort,0.2048,4290.7
400,random,merge_sort,0.64614,3645
400,random,string_quicksort,0.57425,3262.7
400,random,string_mergesort,0.41197,3645
400,random,msd_radix_sort,0.25479,821
400,random,msd_radix_sort_switch,0.20113,1085.5
400,reverse,quick_sort,0.21797,5693.3
400,reverse,merge_sort,0.59411,2822
400,reverse,string_quicksort,0.54254,3237.4
400,reverse,string_mergesort,0.3509,2822
400,reverse,msd_radix_sort,0.26139,972
400,reverse,msd_radix_sort_switch,0.38734,2252.4
400,almost,quick_sort,0.22693,5680.9
400,almost,merge_sort,0.61802,3963
400,almost,string_quicksort,0.50562,3210.5
400,almost,string_mergesort,0.40573,3963
400,almost,msd_radix_sort,0.23039,929
400,almost,msd_radix_sort_switch,0.3747,2115.5
400,prefix,quick_sort,0.96684,157252
400,prefix,merge_sort,1.42504,150775
400,prefix,string_quicksort,0.72144,22807
400,prefix,string_mergesort,1.05327,151325
400,prefix,msd_radix_sort,1.86395,20724
400,prefix,msd_radix_sort_switch,1.8331,20869.1
500,random,quick_sort,0.26788,5847
500,random,merge_sort,0.838,4849
500,random,string_quicksort,0.7324,4209.9
500,random,string_mergesort,0.52258,4849
500,random,msd_radix_sort,0.31776,1050
500,random,msd_radix_sort_switch,0.28065,1507.6
500,reverse,quick_sort,0.27933,7412.8
500,reverse,merge_sort,0.78613,3729
500,reverse,string_quicksort,0.66117,4177.8
500,reverse,string_mergesort,0.47931,3729
500,reverse,msd_radix_sort,0.3365,1222
500,reverse,msd_radix_sort_switch,0.51593,2791.8
500,almost,quick_sort,0.30089,7313.2
500,almost,merge_sort,0.77584,4998
500,almost,string_quicksort,0.67256,4216.5
500,almost,string_mergesort,0.48629,4998
500,almost,msd_radix_sort,0.33535,1213
500,almost,msd_radix_sort_switch,0.46837,2773.7
500,prefix,quick_sort,1.23958,213837
500,prefix,merge_sort,1.84979,195213
500,prefix,string_quicksort,0.84161,28706.4
500,prefix,string_mergesort,1.25797,195363
500,prefix,msd_radix_sort,2.20031,25911
500,prefix,msd_radix_sort_switch,2.24261,26177.8
600,random,quick_sort,0.33129,7451
600,random,merge_sort,1.0802,6136
600,random,string_quicksort,0.90704,5326.2
600,random,string_mergesort,0.6476,6136
600,random,msd_radix_sort,0.36817,1273
600,random,msd_radix_sort_switch,0.37373,1941.1
600,reverse,quick_sort,0.3507,9156.3
600,reverse,merge_sort,1.07842,4524
600,reverse,string_quicksort,0.82133,5168.7
600,reverse,string_mergesort,0.57916,4524
600,reverse,msd_radix_sort,0.42528,1503
600,reverse,msd_radix_sort_switch,0.63125,3386.3
600,almost,quick_sort,0.35355,9006.4
600,almost,merge_sort,1.03338,6062
600,almost,string_quicksort,0.83843,5184.9
600,almost,string_mergesort,0.61243,6062
600,almost,msd_radix_sort,0.37076,1429
600,almost,msd_radix_sort_switch,0.57173,3363.8
600,prefix,quick_sort,1.48318,257367
600,prefix,merge_sort,2.17291,244872
600,prefix,string_quicksort,1.05663,34512.8
600,prefix,string_mergesort,1.53409,245472
600,prefix,msd_radix_sort,2.67817,31116
600,prefix,msd_radix_sort_switch,2.64132,31535.1
700,random,quick_sort,0.39232,8907.1
700,random,merge_sort,1.29448,7369
700,random,string_quicksort,1.06082,6553.6
700,random,string_mergesort,0.7733,7369
700,random,msd_radix_sort,0.34442,1449
700,random,msd_radix_sort_switch,0.44244,2430.3
700,reverse,quick_sort,0.4023,10916.4
700,reverse,merge_sort,1.29398,5231
700,reverse,string_quicksort,1.03842,6261
700,reverse,string_mergesort,0.65688,5231
700,reverse,msd_radix_sort,0.46445,1710
700,reverse,msd_radix_sort_switch,0.67229,3900.6
700,almost,quick_sort,0.39363,10753
700,almost,merge_sort,1.17852,7306
700,almost,string_quicksort,0.97534,6298.9
700,almost,string_mergesort,0.71957,7306
700,almost,msd_radix_sort,0.42422,1664
700,almost,msd_radix_sort_switch,0.66446,3854.7
700,prefix,quick_sort,1.68532,300924
700,prefix,merge_sort,2.54312,292557
700,prefix,string_quicksort,1.14352,40169.1
700,prefix,string_mergesort,1.82698,294007
700,prefix,msd_radix_sort,2.94202,36293
700,prefix,msd_radix_sort_switch,3.20387,36842.3
800,random,quick_sort,0.45951,10444.1
800,random,merge_sort,1.36439,8769
800,random,string_quicksort,1.23667,7564
800,random,string_mergesort,0.89165,8769
800,random,msd_radix_sort,0.40064,1710
800,random,msd_radix_sort_switch,0.54587,2891.4
800,reverse,quick_sort,0.46393,12578.1
800,reverse,merge_sort,1.3222,6109
800,reverse,string_quicksort,1.13474,7226.9
800,reverse,string_mergesort,0.79469,6109
800,reverse,msd_radix_sort,0.51378,1930
800,reverse,msd_radix_sort_switch,0.80422,4532.2
800,almost,quick_sort,0.45716,12323.7
800,almost,merge_sort,1.32452,8380
800,almost,string_quicksort,1.09064,7059.4
800,almost,string_mergesort,0.82957,8380
800,almost,msd_radix_sort,0.49717,1887
800,almost,msd_radix_sort_switch,0.76029,4293.4
800,prefix,quick_sort,2.09662,366946
800,prefix,merge_sort,2.89984,343090
800,prefix,string_quicksort,1.47276,46367.5
800,prefix,string_mergesort,2.18345,343890
800,prefix,msd_radix_sort,3.47836,41507
800,prefix,msd_radix_sort_switch,3.65553,42251.2
900,random,quick_sort,0.52212,12227
900,random,merge_sort,1.60352,10176
900,random,string_quicksort,1.39031,8547.5
900,random,string_mergesort,1.0103,10176
900,random,msd_radix_sort,0.47545,1948
900,random,msd_radix_sort_switch,0.61455,3405.8
900,reverse,quick_sort,0.52733,14082.8
900,reverse,merge_sort,1.47633,6938
900,reverse,string_quicksort,1.34913,8739.3
900,reverse,string_mergesort,0.86617,6938
900,reverse,msd_radix_sort,0.59414,2164
900,reverse,msd_radix_sort_switch,0.85309,5024.4
900,almost,quick_sort,0.53914,13993
900,almost,merge_sort,1.48985,9765
900,almost,string_quicksort,1.25823,8225
900,almost,string_mergesort,0.92724,9765
900,almost,msd_radix_sort,0.62611,2171
900,almost,msd_radix_sort_switch,0.81305,4910
900,prefix,quick_sort,2.42605,421081
900,prefix,merge_sort,3.28961,394042
900,prefix,string_quicksort,1.63867,52413.9
900,prefix,string_mergesort,2.40675,394692
900,prefix,msd_radix_sort,3.81762,46693
900,prefix,msd_radix_sort_switch,3.94327,47686.4
1000,random,quick_sort,0.60815,13950
1000,random,merge_sort,1.93769,11536
1000,random,string_quicksort,1.55749,9471.8
1000,random,string_mergesort,1.143,11536
1000,random,msd_radix_sort,0.49378,2162
1000,random,msd_radix_sort_switch,0.76015,3960.1
1000,reverse,quick_sort,0.58992,16275.2
1000,reverse,merge_sort,1.63359,7976
1000,reverse,string_quicksort,1.41005,9344.2
1000,reverse,string_mergesort,0.97945,7976
1000,reverse,msd_radix_sort,0.67012,2435
1000,reverse,msd_radix_sort_switch,1.10216,5612.7
1000,almost,quick_sort,0.58566,15498
1000,almost,merge_sort,1.73788,10715
1000,almost,string_quicksort,1.52633,9512.1
1000,almost,string_mergesort,1.09577,10715
1000,almost,msd_radix_sort,0.58414,2380
1000,almost,msd_radix_sort_switch,0.9989,5517.7
1000,prefix,quick_sort,2.682,477290
1000,prefix,merge_sort,4.03837,444249
1000,prefix,string_quicksort,1.80214,58079.3
1000,prefix,string_mergesort,2.83701,444049
1000,prefix,msd_radix_sort,4.12483,51900
1000,prefix,msd_radix_sort_switch,4.36523,52997.6
1100,random,quick_sort,0.66306,15958.6
1100,random,merge_sort,1.95922,13014
1100,random,string_quicksort,1.77479,10854.1
1100,random,string_mergesort,1.23494,13014
1100,random,msd_radix_sort,0.58305,2394
1100,random,msd_radix_sort_switch,0.81757,4481.4
1100,reverse,quick_sort,0.66365,17795.3
1100,reverse,merge_sort,1.83744,8709
1100,reverse,string_quicksort,1.66961,10600.8
1100,reverse,string_mergesort,1.0584,8709
1100,reverse,msd_radix_sort,0.6678,2633
1100,reverse,msd_radix_sort_switch,1.064,6088.1
1100,almost,quick_sort,0.65588,17793.3
1100,almost,merge_sort,1.8692,12089
1100,almost,string_quicksort,1.63339,10477.6
1100,almost,string_mergesort,1.15306,12089
1100,almost,msd_radix_sort,0.67936,2626
1100,almost,msd_radix_sort_switch,1.0546,6133.1
1100,prefix,quick_sort,3.15574,536394
1100,prefix,merge_sort,4.10361,495693
1100,prefix,string_quicksort,1.97566,63904.2
1100,prefix,string_mergesort,3.07329,496193
1100,prefix,msd_radix_sort,4.61242,57098
1100,prefix,msd_radix_sort_switch,4.72774,58493.4
1200,random,quick_sort,0.93081,17551.2
1200,random,merge_sort,2.1236,14560
1200,random,string_quicksort,1.91083,12007.6
1200,random,string_mergesort,1.35687,14560
1200,random,msd_radix_sort,0.62204,2655
1200,random,msd_radix_sort_switch,0.90716,5068
1200,reverse,quick_sort,0.71199,19838.7
1200,reverse,merge_sort,2.06943,9551
1200,reverse,string_quicksort,1.7629,11662.5
1200,reverse,string_mergesort,1.17868,9551
1200,reverse,msd_radix_sort,0.75592,2939
1200,reverse,msd_radix_sort_switch,1.15605,6785.5
1200,almost,quick_sort,0.80393,19540.5
1200,almost,merge_sort,2.02207,13583
1200,almost,string_quicksort,1.77243,11852.3
1200,almost,string_mergesort,1.28957,13583
1200,almost,msd_radix_sort,0.80956,2913
1200,almost,msd_radix_sort_switch,1.11581,6727.2
1200,prefix,quick_sort,3.26204,584444
1200,prefix,merge_sort,4.56691,549494
1200,prefix,string_quicksort,2.14602,70501.6
1200,prefix,string_mergesort,3.40906,550644
1200,prefix,msd_radix_sort,5.04381,62296
1200,prefix,msd_radix_sort_switch,5.3225,63929.9
1300,random,quick_sort,0.84114,19822.6
1300,random,merge_sort,2.32455,16035
1300,random,string_quicksort,2.10191,13246.5
1300,random,string_mergesort,1.54453,16035
1300,random,msd_radix_sort,0.72084,2912
1300,random,msd_radix_sort_switch,1.014,5684.1
1300,reverse,quick_sort,0.79237,21382.9
1300,reverse,merge_sort,2.26762,10355
1300,reverse,string_quicksort,1.9708,13050.4
1300,reverse,string_mergesort,1.29381,10355
1300,reverse,msd_radix_sort,0.83245,3159
1300,reverse,msd_radix_sort_switch,1.22789,7322.8
1300,almost,quick_sort,0.8129,21518
1300,almost,merge_sort,2.26332,15193
1300,almost,string_quicksort,2.06649,13144.6
1300,almost,string_mergesort,1.43665,15193
1300,almost,msd_radix_sort,0.80653,3128
1300,almost,msd_radix_sort_switch,1.24855,7282.4
1300,prefix,quick_sort,3.50565,639696
1300,prefix,merge_sort,4.98486,603138
1300,prefix,string_quicksort,2.36018,76077.7
1300,prefix,string_mergesort,3.69042,603938
1300,prefix,msd_radix_sort,5.36217,67507
1300,prefix,msd_radix_sort_switch,5.71797,69396.8
1400,random,quick_sort,0.87927,21788.3
1400,random,merge_sort,2.56138,17666
1400,random,string_quicksort,2.3516,14067.1
1400,random,string_mergesort,1.62223,17666
1400,random,msd_radix_sort,0.74625,3146
1400,random,msd_radix_sort_switch,1.18456,6214.4
1400,reverse,quick_sort,0.88631,23211.5
1400,reverse,merge_sort,2.40404,11185
1400,reverse,string_quicksort,2.0854,13713.2
1400,reverse,string_mergesort,1.55481,11185
1400,reverse,msd_radix_sort,0.90866,3419
1400,reverse,msd_radix_sort_switch,1.37706,7905.2
1400,almost,quick_sort,0.8875,23700.5
1400,almost,merge_sort,2.46467,16367
1400,almost,string_quicksort,2.12328,14015.8
1400,almost,string_mergesort,1.57361,16367
1400,almost,msd_radix_sort,0.88263,3400
1400,almost,msd_radix_sort_switch,1.34202,7898.1
1400,prefix,quick_sort,3.74124,677862
1400,prefix,merge_sort,5.45446,656237
1400,prefix,string_quicksort,2.53719,81462.4
1400,prefix,string_mergesort,4.05022,657887
1400,prefix,msd_radix_sort,5.85782,72671
1400,prefix,msd_radix_sort_switch,6.12254,74745.4
1500,random,quick_sort,0.93983,23246
1500,random,merge_sort,2.73972,19144
1500,random,string_quicksort,2.57107,15698.4
1500,random,string_mergesort,1.75626,19144
1500,random,msd_radix_sort,0.76528,3345
1500,random,msd_radix_sort_switch,1.22057,6854.8
1500,reverse,quick_sort,0.90569,25022.8
1500,reverse,merge_sort,2.61811,12291
1500,reverse,string_quicksort,2.43907,15330.9
1500,reverse,string_mergesort,1.53636,12291
1500,reverse,msd_radix_sort,0.98632,3653
1500,reverse,msd_radix_sort_switch,1.5066,8525
1500,almost,quick_sort,0.9193,24959.1
1500,almost,merge_sort,2.65644,17403
1500,almost,string_quicksort,2.38541,15741
1500,almost,string_mergesort,1.72863,17403
1500,almost,msd_radix_sort,0.89868,3605
1500,almost,msd_radix_sort_switch,1.44414,8296
1500,prefix,quick_sort,4.25819,760080
1500,prefix,merge_sort,6.20022,712179
1500,prefix,string_quicksort,3.14094,88411.6
1500,prefix,string_mergesort,4.38625,713979
1500,prefix,msd_radix_sort,6.46828,77934
1500,prefix,msd_radix_sort_switch,6.72742,80418.3
1600,random,quick_sort,1.05089,26114.1
1600,random,merge_sort,3.08653,20725
1600,random,string_quicksort,2.70132,16689.1
1600,random,string_mergesort,1.9385,20725
1600,random,msd_radix_sort,0.91113,3586
1600,random,msd_radix_sort_switch,1.33454,7469
1600,reverse,quick_sort,0.99844,27478
1600,reverse,merge_sort,2.80148,12996
1600,reverse,string_quicksort,2.55409,16460.6
1600,reverse,string_mergesort,1.70832,12996
1600,reverse,msd_radix_sort,1.05608,3886
1600,reverse,msd_radix_sort_switch,1.59109,9039.6
1600,almost,quick_sort,1.01718,26823.1
1600,almost,merge_sort,2.85363,18989
1600,almost,string_quicksort,2.543,16834.7
1600,almost,string_mergesort,1.82587,18989
1600,almost,msd_radix_sort,1.0111,3840
1600,almost,msd_radix_sort_switch,1.54078,8907.5
1600,prefix,quick_sort,4.45393,804075
1600,prefix,merge_sort,6.38268,767122
1600,prefix,string_quicksort,3.44835,93919.5
1600,prefix,string_mergesort,4.71749,769372
1600,prefix,msd_radix_sort,6.63357,83130
1600,prefix,msd_radix_sort_switch,7.19677,85704.5
1700,random,quick_sort,1.10131,27562.7
1700,random,merge_sort,3.24419,22280
1700,random,string_quicksort,2.95272,17880.2
1700,random,string_mergesort,2.15092,22280
1700,random,msd_radix_sort,0.97001,3860
1700,random,msd_radix_sort_switch,1.41746,8068.5
1700,reverse,quick_sort,1.06667,28898
1700,reverse,merge_sort,3.06416,13954
1700,reverse,string_quicksort,2.66983,17813.7
1700,reverse,string_mergesort,1.7988,13954
1700,reverse,msd_radix_sort,1.07076,4093
1700,reverse,msd_radix_sort_switch,1.6265,9679.6
1700,almost,quick_sort,1.0434,28457.1
1700,almost,merge_sort,3.03874,20323
1700,almost,string_quicksort,2.71644,17647.9
1700,almost,string_mergesort,2.00033,20323
1700,almost,msd_radix_sort,1.03678,4062
1700,almost,msd_radix_sort_switch,1.79482,9535.4
1700,prefix,quick_sort,4.8387,866884
1700,prefix,merge_sort,6.75607,822554
1700,prefix,string_quicksort,3.05854,99866
1700,prefix,string_mergesort,5.05089,824404
1700,prefix,msd_radix_sort,7.26361,88322
1700,prefix,msd_radix_sort_switch,7.54818,91200.5
1800,random,quick_sort,1.23053,29506.9
1800,random,merge_sort,3.32409,23965
1800,random,string_quicksort,3.07729,19222.8
1800,random,string_mergesort,2.20594,23965
1800,random,msd_radix_sort,0.96705,4107
1800,random,msd_radix_sort_switch,1.54163,8729.6
1800,reverse,quick_sort,1.14109,31223.4
1800,reverse,merge_sort,3.1507,14881
1800,reverse,string_quicksort,2.86609,18995
1800,reverse,string_mergesort,1.8685,14881
1800,reverse,msd_radix_sort,1.13257,4377
1800,reverse,msd_radix_sort_switch,1.75187,10137.4
1800,almost,quick_sort,1.1269,30860.4
1800,almost,merge_sort,3.1901,21430
1800,almost,string_quicksort,2.83956,18912.1
1800,almost,string_mergesort,2.03698,21430
1800,almost,msd_radix_sort,1.09414,4360
1800,almost,msd_radix_sort_switch,1.67479,10101.5
1800,prefix,quick_sort,5.17801,917738
1800,prefix,merge_sort,7.32871,878360
1800,prefix,string_quicksort,3.32485,106106
1800,prefix,string_mergesort,5.96694,879110
1800,prefix,msd_radix_sort,7.57004,93580
1800,prefix,msd_radix_sort_switch,7.95372,96836.2
1900,random,quick_sort,1.27357,31068.5
1900,random,merge_sort,3.57451,25562
1900,random,string_quicksort,3.25389,20534.1
1900,random,string_mergesort,2.39356,25562
1900,random,msd_radix_sort,1.06484,4376
1900,random,msd_radix_sort_switch,1.65145,9415.9
1900,reverse,quick_sort,1.21324,32684
1900,reverse,merge_sort,3.37483,15958
1900,reverse,string_quicksort,3.06869,20504.3
1900,reverse,string_mergesort,1.96681,15958
1900,reverse,msd_radix_sort,1.24057,4603
1900,reverse,msd_radix_sort_switch,2.03344,10779.9
1900,almost,quick_sort,1.48659,33481.2
1900,almost,merge_sort,3.36018,22496
1900,almost,string_quicksort,3.18575,21063.6
1900,almost,string_mergesort,2.19316,22496
1900,almost,msd_radix_sort,1.25657,4621
1900,almost,msd_radix_sort_switch,1.82288,10727
1900,prefix,quick_sort,5.43426,959596
1900,prefix,merge_sort,7.79042,932759
1900,prefix,string_quicksort,3.50448,111850
1900,prefix,string_mergesort,5.8275,933459
1900,prefix,msd_radix_sort,7.88649,98720
1900,prefix,msd_radix_sort_switch,8.60722,102126
2000,random,quick_sort,1.31753,32557.7
2000,random,merge_sort,3.72248,27087
2000,random,string_quicksort,3.50956,21675.2
2000,random,string_mergesort,2.45583,27087
2000,random,msd_radix_sort,1.15363,4640
2000,random,msd_radix_sort_switch,1.70674,10047.9
2000,reverse,quick_sort,1.29925,34078.6
2000,reverse,merge_sort,3.57975,17029
2000,reverse,string_quicksort,3.29196,21457.8
2000,reverse,string_mergesort,2.12899,17029
2000,reverse,msd_radix_sort,1.25844,4885
2000,reverse,msd_radix_sort_switch,1.93642,11229.7
2000,almost,quick_sort,1.31111,34757.8
2000,almost,merge_sort,3.71398,22863
2000,almost,string_quicksort,3.44928,22203
2000,almost,string_mergesort,2.29836,22863
2000,almost,msd_radix_sort,1.2105,4808
2000,almost,msd_radix_sort_switch,1.86993,11129.5
2000,prefix,quick_sort,5.66066,1.00736e+06
2000,prefix,merge_sort,8.2764,991638
2000,prefix,string_quicksort,3.8123,118057
2000,prefix,string_mergesort,6.18786,991888
2000,prefix,msd_radix_sort,8.57188,103977
2000,prefix,msd_radix_sort_switch,8.99155,107696
2100,random,quick_sort,1.40699,35486.9
2100,random,merge_sort,4.10373,28803
2100,random,string_quicksort,3.50127,22045.4
2100,random,string_mergesort,2.59352,28803
2100,random,msd_radix_sort,1.2395,4910
2100,random,msd_radix_sort_switch,1.832,10683.5
2100,reverse,quick_sort,1.46971,37101.5
2100,reverse,merge_sort,3.83954,17962
2100,reverse,string_quicksort,3.44801,22867.9
2100,reverse,string_mergesort,2.27266,17962
2100,reverse,msd_radix_sort,1.51326,5108
2100,reverse,msd_radix_sort_switch,1.99938,11887.1
2100,almost,quick_sort,1.44566,37509
2100,almost,merge_sort,3.87497,24540
2100,almost,string_quicksort,3.54777,23078
2100,almost,string_mergesort,2.38736,24540
2100,almost,msd_radix_sort,1.35406,5101
2100,almost,msd_radix_sort_switch,2.03279,11905.3
2100,prefix,quick_sort,6.2328,1.12655e+06
2100,prefix,merge_sort,8.77425,1.04678e+06
2100,prefix,string_quicksort,3.98496,124074
2100,prefix,string_mergesort,6.45104,1.04718e+06
2100,prefix,msd_radix_sort,8.81498,109181
2100,prefix,msd_radix_sort_switch,9.30822,113166
2200,random,quick_sort,1.57115,37886.1
2200,random,merge_sort,4.37159,30552
2200,random,string_quicksort,3.79294,23678.3
2200,random,string_mergesort,2.80777,30552
2200,random,msd_radix_sort,1.31203,5173
2200,random,msd_radix_sort_switch,1.97838,11337.3
2200,reverse,quick_sort,1.4662,38674.1
2200,reverse,merge_sort,4.06027,18604
2200,reverse,string_quicksort,3.76327,24103.4
2200,reverse,string_mergesort,2.41316,18604
2200,reverse,msd_radix_sort,1.48305,5355
2200,reverse,msd_radix_sort_switch,2.06061,12312.1
2200,almost,quick_sort,1.46807,38776.4
2200,almost,merge_sort,4.10663,26666
2200,almost,string_quicksort,3.82969,24716.9
2200,almost,string_mergesort,2.56892,26666
2200,almost,msd_radix_sort,1.4151,5310
2200,almost,msd_radix_sort_switch,2.16041,12355.1
2200,prefix,quick_sort,6.73068,1.19971e+06
2200,prefix,merge_sort,9.15804,1.1057e+06
2200,prefix,string_quicksort,4.28831,130462
2200,prefix,string_mergesort,6.72875,1.1064e+06
2200,prefix,msd_radix_sort,9.2423,114413
2200,prefix,msd_radix_sort_switch,9.87549,118864
2300,random,quick_sort,1.59575,40029.5
2300,random,merge_sort,4.47574,32294
2300,random,string_quicksort,4.08277,25910.4
2300,random,string_mergesort,2.87452,32294
2300,random,msd_radix_sort,1.30063,5366
2300,random,msd_radix_sort_switch,2.12497,12136.6
2300,reverse,quick_sort,1.49914,40322.6
2300,reverse,merge_sort,4.30344,19453
2300,reverse,string_quicksort,3.96006,25603.3
2300,reverse,string_mergesort,2.46576,19453
2300,reverse,msd_radix_sort,1.46372,5575
2300,reverse,msd_radix_sort_switch,2.23042,13055.7
2300,almost,quick_sort,1.62319,40596.2
2300,almost,merge_sort,4.25909,28665
2300,almost,string_quicksort,3.98928,25812.5
2300,almost,string_mergesort,2.77176,28665
2300,almost,msd_radix_sort,1.4563,5584
2300,almost,msd_radix_sort_switch,2.13748,12794.2
2300,prefix,quick_sort,6.9136,1.24516e+06
2300,prefix,merge_sort,9.74973,1.16324e+06
2300,prefix,string_quicksort,4.43888,136210
2300,prefix,string_mergesort,7.34501,1.16454e+06
2300,prefix,msd_radix_sort,9.59419,119643
2300,prefix,msd_radix_sort_switch,10.3539,124306
2400,random,quick_sort,1.62695,41597.6
2400,random,merge_sort,4.68562,33909
2400,random,string_quicksort,4.36096,27368
2400,random,string_mergesort,2.9872,33909
2400,random,msd_radix_sort,1.44298,5666
2400,random,msd_radix_sort_switch,2.22078,12733
2400,reverse,quick_sort,1.56675,42616.7
2400,reverse,merge_sort,4.47778,20225
2400,reverse,string_quicksort,4.3187,27612.6
2400,reverse,string_mergesort,2.62106,20225
2400,reverse,msd_radix_sort,1.66401,5827
2400,reverse,msd_radix_sort_switch,2.31681,13622.2
2400,almost,quick_sort,1.56321,41962.3
2400,almost,merge_sort,4.53961,30002
2400,almost,string_quicksort,4.11929,27439.6
2400,almost,string_mergesort,2.86546,30002
2400,almost,msd_radix_sort,1.48286,5826
2400,almost,msd_radix_sort_switch,2.27319,13480.5
2400,prefix,quick_sort,7.46231,1.30463e+06
2400,prefix,merge_sort,10.3032,1.22304e+06
2400,prefix,string_quicksort,4.83608,143117
2400,prefix,string_mergesort,7.5463,1.22499e+06
2400,prefix,msd_radix_sort,10.1748,124855
2400,prefix,msd_radix_sort_switch,10.9865,129899
2500,random,quick_sort,1.7875,43434.6
2500,random,merge_sort,4.96977,35710
2500,random,string_quicksort,4.44578,28043.8
2500,random,string_mergesort,3.1552,35710
2500,random,msd_radix_sort,1.56827,5926
2500,random,msd_radix_sort_switch,2.29563,13462.8
2500,reverse,quick_sort,1.69692,45346.9
2500,reverse,merge_sort,4.56412,21168
2500,reverse,string_quicksort,4.34599,27981.3
2500,reverse,string_mergesort,2.66684,21168
2500,reverse,msd_radix_sort,1.62992,6086
2500,reverse,msd_radix_sort_switch,2.36749,14126.9
2500,almost,quick_sort,1.66994,44867.8
2500,almost,merge_sort,4.74456,31563
2500,almost,string_quicksort,4.41727,28734.3
2500,almost,string_mergesort,2.95436,31563
2500,almost,msd_radix_sort,1.59031,6066
2500,almost,msd_radix_sort_switch,2.37193,14020.4
2500,prefix,quick_sort,7.55294,1.33436e+06
2500,prefix,merge_sort,10.6661,1.28251e+06
2500,prefix,string_quicksort,5.11178,149002
2500,prefix,string_mergesort,7.99434,1.28411e+06
2500,prefix,msd_radix_sort,10.7463,130154
2500,prefix,msd_radix_sort_switch,11.6021,135559
2600,random,quick_sort,1.8572,46249.2
2600,random,merge_sort,5.16888,37501
2600,random,string_quicksort,4.66465,29213.6
2600,random,string_mergesort,3.28848,37501
2600,random,msd_radix_sort,1.61389,6156
2600,random,msd_radix_sort_switch,2.48158,14131.6
2600,reverse,quick_sort,1.87223,47549.9
2600,reverse,merge_sort,4.82585,21853
2600,reverse,string_quicksort,4.37444,28855.8
2600,reverse,string_mergesort,2.89422,21853
2600,reverse,msd_radix_sort,1.63708,6271
2600,reverse,msd_radix_sort_switch,2.54945,14755.4
2600,almost,quick_sort,1.73377,46054.5
2600,almost,merge_sort,4.90124,32455
2600,almost,string_quicksort,4.50958,29042.7
2600,almost,string_mergesort,3.03285,32455
2600,almost,msd_radix_sort,1.64711,6289
2600,almost,msd_radix_sort_switch,2.59029,14743.7
2600,prefix,quick_sort,7.98304,1.42198e+06
2600,prefix,merge_sort,11.1201,1.34028e+06
2600,prefix,string_quicksort,5.11857,154341
2600,prefix,string_mergesort,8.27795,1.34383e+06
2600,prefix,msd_radix_sort,11.1175,135275
2600,prefix,msd_radix_sort_switch,11.8648,140776
2700,random,quick_sort,1.86809,48530.5
2700,random,merge_sort,5.37528,39225
2700,random,string_quicksort,4.91172,30652.6
2700,random,string_mergesort,3.4368,39225
2700,random,msd_radix_sort,1.74168,6478
2700,random,msd_radix_sort_switch,2.52901,14941.3
2700,reverse,quick_sort,1.9239,48927.9
2700,reverse,merge_sort,5.0385,22780
2700,reverse,string_quicksort,4.67463,30899
2700,reverse,string_mergesort,3.022,22780
2700,reverse,msd_radix_sort,1.74605,6494
2700,reverse,msd_radix_sort_switch,2.66931,15229.3
2700,almost,quick_sort,1.82917,48320.6
2700,almost,merge_sort,5.13145,34155
2700,almost,string_quicksort,4.71857,30232.9
2700,almost,string_mergesort,3.17313,34155
2700,almost,msd_radix_sort,1.64695,6536
2700,almost,msd_radix_sort_switch,2.68042,15293.4
2700,prefix,quick_sort,8.33552,1.49788e+06
2700,prefix,merge_sort,11.7357,1.40119e+06
2700,prefix,string_quicksort,5.32643,160254
2700,prefix,string_mergesort,8.83502,1.40404e+06
2700,prefix,msd_radix_sort,11.6322,140551
2700,prefix,msd_radix_sort_switch,12.3133,146484
2800,random,quick_sort,1.96379,50135
2800,random,merge_sort,5.55076,40963
2800,random,string_quicksort,5.3267,31939.7
2800,random,string_mergesort,3.62594,40963
2800,random,msd_radix_sort,1.91862,6772
2800,random,msd_radix_sort_switch,2.70774,15535.1
2800,reverse,quick_sort,1.88805,50945.2
2800,reverse,merge_sort,5.19109,23743
2800,reverse,string_quicksort,4.99732,32297.8
2800,reverse,string_mergesort,3.06166,23743
2800,reverse,msd_radix_sort,1.79045,6784
2800,reverse,msd_radix_sort_switch,2.78252,15821.8
2800,almost,quick_sort,1.88193,49657.6
2800,almost,merge_sort,5.37871,35812
2800,almost,string_quicksort,4.92248,32408.8
2800,almost,string_mergesort,3.34393,35812
2800,almost,msd_radix_sort,1.71478,6793
2800,almost,msd_radix_sort_switch,2.71593,15822.2
2800,prefix,quick_sort,8.72829,1.56936e+06
2800,prefix,merge_sort,12.2012,1.46173e+06
2800,prefix,string_quicksort,5.41511,166525
2800,prefix,string_mergesort,9.09829,1.46478e+06
2800,prefix,msd_radix_sort,12.1368,145788
2800,prefix,msd_radix_sort_switch,12.7662,152191
2900,random,quick_sort,1.98892,51950.2
2900,random,merge_sort,5.73093,42800
2900,random,string_quicksort,5.53042,35069.5
2900,random,string_mergesort,3.74981,42800
2900,random,msd_radix_sort,1.88311,7043
2900,random,msd_radix_sort_switch,2.88804,16339.8
2900,reverse,quick_sort,1.95013,52282.4
2900,reverse,merge_sort,5.47999,24633
2900,reverse,string_quicksort,5.05578,32999.4
2900,reverse,string_mergesort,3.24463,24633
2900,reverse,msd_radix_sort,1.84515,7032
2900,reverse,msd_radix_sort_switch,2.95435,16365.9
2900,almost,quick_sort,1.94867,52303.8
2900,almost,merge_sort,5.53156,36418
2900,almost,string_quicksort,5.03825,32713.5
2900,almost,string_mergesort,3.62444,36418
2900,almost,msd_radix_sort,1.80808,7038
2900,almost,msd_radix_sort_switch,2.89872,16406.3
2900,prefix,quick_sort,9.14881,1.60622e+06
2900,prefix,merge_sort,12.7975,1.51546e+06
2900,prefix,string_quicksort,5.53607,171955
2900,prefix,string_mergesort,9.61987,1.51956e+06
2900,prefix,msd_radix_sort,12.4843,150923
2900,prefix,msd_radix_sort_switch,13.3815,157314
3000,random,quick_sort,2.12854,54843.7
3000,random,merge_sort,6.12151,44549
3000,random,string_quicksort,5.58066,34397.8
3000,random,string_mergesort,3.95378,44549
3000,random,msd_radix_sort,2.00792,7287
3000,random,msd_radix_sort_switch,2.89111,17004.3
3000,reverse,quick_sort,2.10818,54071.1
3000,reverse,merge_sort,5.67608,25922
3000,reverse,string_quicksort,5.36343,34178.5
3000,reverse,string_mergesort,3.27251,25922
3000,reverse,msd_radix_sort,1.98095,7305
3000,reverse,msd_radix_sort_switch,3.02129,16948.3
3000,almost,quick_sort,2.16657,55239.7
3000,almost,merge_sort,5.78879,37109
3000,almost,string_quicksort,5.64886,34960.7
3000,almost,string_mergesort,3.62064,37109
3000,almost,msd_radix_sort,1.79137,7265
3000,almost,msd_radix_sort_switch,2.8991,16994.8
3000,prefix,quick_sort,9.66495,1.72351e+06
3000,prefix,merge_sort,13.1313,1.5744e+06
3000,prefix,string_quicksort,5.84131,178495
3000,prefix,string_mergesort,9.85609,1.5787e+06
3000,prefix,msd_radix_sort,13.1039,156188
3000,prefix,msd_radix_sort_switch,13.6909,163221
